Domain Code,Domain,Area Code (M49),Area,Element Code,Element,Item Code (CPC),Item,Year Code,Year,Unit,Value,Flag,Flag Description,Note
"TCL","Crops and livestock products","434","Libya","5610","Import quantity","01314","Dates","2020","2020","t","1739.02","X","Value from external organization","Estimated data using trading partners database"
"TCL","Crops and livestock products","434","Libya","5910","Export quantity","01314","Dates","2020","2020","t","5439.98","X","Value from external organization","Estimated data using trading partners database"
"TCL","Crops and livestock products","434","Libya","5610","Import quantity","01314","Dates","2021","2021","t","6277.22","X","Value from external organization","Estimated data using trading partners database"
"TCL","Crops and livestock products","434","Libya","5910","Export quantity","01314","Dates","2021","2021","t","3239.2","X","Value from external organization","Estimated data using trading partners database"
"TCL","Crops and livestock products","434","Libya","5610","Import quantity","01314","Dates","2022","2022","t","12310.71","X","Value from external organization","Estimated data using trading partners database"
"TCL","Crops and livestock products","434","Libya","5910","Export quantity","01314","Dates","2022","2022","t","3200.51","X","Value from external organization","Estimated data using trading partners database"
"TCL","Crops and livestock products","434","Libya","5610","Import quantity","01314","Dates","2023","2023","t","4109","X","Value from external organization","Estimated data using trading partners database"
"TCL","Crops and livestock products","434","Libya","5910","Export quantity","01314","Dates","2023","2023","t","6274.08","X","Value from external organization","Estimated data using trading partners database"
"TCL","Crops and livestock products","434","Libya","5610","Import quantity","01314","Dates","2024","2024","t","251.27","X","Value from external organization","Estimated data using trading partners database"
"TCL","Crops and livestock products","434","Libya","5910","Export quantity","01314","Dates","2024","2024","t","2569.89","X","Value from external organization","Estimated data using trading partners database"
"TCL","Crops and livestock products","434","Libya","5610","Import quantity","01510","Potatoes","2020","2020","t","15732.88","X","Value from external organization","Estimated data using trading partners database"
"TCL","Crops and livestock products","434","Libya","5910","Export quantity","01510","Potatoes","2020","2020","t","3300","E","Estimated value",""
"TCL","Crops and livestock products","434","Libya","5610","Import quantity","01510","Potatoes","2021","2021","t","12324.2","X","Value from external organization","Estimated data using trading partners database"
"TCL","Crops and livestock products","434","Libya","5910","Export quantity","01510","Potatoes","2021","2021","t","504","X","Value from external organization","Estimated data using trading partners database"
"TCL","Crops and livestock products","434","Libya","5610","Import quantity","01510","Potatoes","2022","2022","t","16477.48","X","Value from external organization","Estimated data using trading partners database"
"TCL","Crops and livestock products","434","Libya","5910","Export quantity","01510","Potatoes","2022","2022","t","86","X","Value from external organization","Estimated data using trading partners database"
"TCL","Crops and livestock products","434","Libya","5610","Import quantity","01510","Potatoes","2023","2023","t","17492.59","X","Value from external organization","Estimated data using trading partners database"
"TCL","Crops and livestock products","434","Libya","5910","Export quantity","01510","Potatoes","2023","2023","t","18989.6","X","Value from external organization","Estimated data using trading partners database"
"TCL","Crops and livestock products","434","Libya","5610","Import quantity","01510","Potatoes","2024","2024","t","15210.6","X","Value from external organization","Estimated data using trading partners database"
"TCL","Crops and livestock products","434","Libya","5910","Export quantity","01510","Potatoes","2024","2024","t","55","X","Value from external organization","Estimated data using trading partners database"
"TCL","Crops and livestock products","434","Libya","5610","Import quantity","01234","Tomatoes","2020","2020","t","8822.22","X","Value from external organization","Estimated data using trading partners database"
"TCL","Crops and livestock products","434","Libya","5610","Import quantity","01234","Tomatoes","2021","2021","t","10505.98","I","Value imputed by a receiving agency",""
"TCL","Crops and livestock products","434","Libya","5910","Export quantity","01234","Tomatoes","2021","2021","t","205","X","Value from external organization","Estimated data using trading partners database"
"TCL","Crops and livestock products","434","Libya","5610","Import quantity","01234","Tomatoes","2022","2022","t","19379.65","I","Value imputed by a receiving agency",""
"TCL","Crops and livestock products","434","Libya","5910","Export quantity","01234","Tomatoes","2022","2022","t","1957.2","X","Value from external organization","Estimated data using trading partners database"
"TCL","Crops and livestock products","434","Libya","5610","Import quantity","01234","Tomatoes","2023","2023","t","3270.8","X","Value from external organization","Estimated data using trading partners database"
"TCL","Crops and livestock products","434","Libya","5910","Export quantity","01234","Tomatoes","2023","2023","t","1719.6","X","Value from external organization","Estimated data using trading partners database"
"TCL","Crops and livestock products","434","Libya","5610","Import quantity","01234","Tomatoes","2024","2024","t","0.28","X","Value from external organization","Estimated data using trading partners database"
"TCL","Crops and livestock products","434","Libya","5610","Import quantity","0111","Wheat","2020","2020","t","1132552.25","X","Value from external organization","Estimated data using trading partners database"
"TCL","Crops and livestock products","434","Libya","5910","Export quantity","0111","Wheat","2020","2020","t","1.74","X","Value from external organization","Estimated data using trading partners database"
"TCL","Crops and livestock products","434","Libya","5610","Import quantity","0111","Wheat","2021","2021","t","1267733.57","X","Value from external organization","Estimated data using trading partners database"
"TCL","Crops and livestock products","434","Libya","5610","Import quantity","0111","Wheat","2022","2022","t","245465.91","X","Value from external organization","Estimated data using trading partners database"
"TCL","Crops and livestock products","434","Libya","5610","Import quantity","0111","Wheat","2023","2023","t","163747.49","X","Value from external organization","Estimated data using trading partners database"
"TCL","Crops and livestock products","434","Libya","5910","Export quantity","0111","Wheat","2023","2023","t","0.03","X","Value from external organization","Estimated data using trading partners database"
"TCL","Crops and livestock products","434","Libya","5610","Import quantity","0111","Wheat","2024","2024","t","183686.7","X","Value from external organization","Estimated data using trading partners database"
"TCL","Crops and livestock products","434","Libya","5910","Export quantity","0111","Wheat","2024","2024","t","0.04","X","Value from external organization","Estimated data using trading partners database"
